{"cameraMode":{"drawMode":0,"name":"Shaded","section":"Shading Mode"},"sceneLighting":true,"audioPlay":false,"sceneViewState":{"m_AlwaysRefresh":false,"showFog":true,"showSkybox":true,"showFlares":true,"showImageEffects":true,"showParticleSystems":true,"showVisualEffectGraphs":true,"m_FxEnabled":false},"in2DMode":false,"pivot":{"x":-0.010000228881835938,"y":1.9040002822875977,"z":-4.319999694824219},"rotation":{"x":0.07316680252552033,"y":0.7751573920249939,"z":-0.09135255217552185,"w":0.620837390422821},"size":3.2660250663757326,"orthographic":false}